WORDS,LANGUAGE
storage,0
sustituyó,2
expansión,2
encroaching,0
disciplinas,2
menos,2
ciudadano,2
reduces,0
entraron,2
tout,1
robotics,0
dolympie,1
antojo,2
douverture,1
atracciones,2
toy,0
creados,2
toronto,0
vin,1
toute,1
maxpooling,0
the,1
recense,1
issued,0
most,2
planificación,2
point,0
regularidad,2
gymnase,1
adolescentes,2
trônant,1
août,1
trouvés,1
from,0
responsable,1
menacée,1
administrar,2
araldite,0
practical,0
quickly,0
sita,1
lugares,2
longueur,1
compte,1
ellos,2
triple,2
cocinero,2
celle,1
inspiraron,2
synthèse,1
émigrés,2
rey,2
colocándola,2
chinas,2
îles,1
iniciada,2
was,0
firmaron,2
mantuvo,2
burguesía,2
endurcir,1
certain,0
needs,0
diputados,2
navratri,1
hodler,1
implantación,2
which,0
antiques,1
status,0
completo,2
finanzas,2
graphite,0
des,1
human,0
continúa,2
apagado,2
esperaba,2
imágenes,2
comités,2
lies,0
generals,0
mnist,0
dialogue,1
later,0
señales,2
simulation,0
labores,2
ganador,2
deporte,2
graphics,0
papert,0
plafonné,1
revivir,2
debated,0
panathinaikó,2
llevaron,2
viii,2
era,2
largo,2
solution,0
ayuntamientos,2
full,0
escarapela,2
détracteurs,1
certaines,1
alemán,2
branched,0
siglos,2
technique,0
filosóficos,2
leurs,1
fromage,1
nhésitez,1
generally,0
dio,2
mechanical,0
espectáculo,2
generic,0
tiempo,2
asia,2
convective,0
eventos,2
gala,2
presented,0
mining,0
esta,2
eds,0
determinar,2
paralympiques,1
roger,0
olympiades,1
did,0
autochtones,1
than,0
jean,1
simplified,0
metals,0
minar,2
athlétisme,1
pensamiento,2
northeastward,0
inversión,2
entusiasmados,2
dauthentiques,1
true,0
asistencia,2
oiseau,1
estatuas,2
carie,1
canada,1
equipos,2
removing,0
before,0
estatus,2
racing,0
invertido,2
wdhn,0
cette,1
caída,2
controversia,2
avery,2
examinados,2
revolution,0
podio,2
repetition,0
chamber,0
actualidad,2
climatiques,1
citons,1
mucho,2
progressif,1
posing,0
fait,1
prediction,0
tienen,2
blanco,2
pitts,0
segmentation,0
diferentes,2
derrocó,2
for,0
comprometían,2
cemovis,0
internacionalmente,2
nombre,2
autour,1
decisiones,2
calendario,2
pose,1
divisés,1
évaluation,1
quality,0
xiii,1
nacido,2
pouvoir,1
définit,1
turin,1
planificadores,2
arduamente,2
este,2
tâches,1
juego,2
fédération,1
diffère,1
principalmente,2
ever,0
cinquième,1
biology,0
imaging,0
reformas,2
partager,1
angle,0
diezmos,2
esgrima,2
chirac,2
federación,2
frontalmente,2
agônes,1
eight,0
suspension,0
olímpica,2
commented,0
worst,0
décidé,1
asambleístas,2
externo,2
emergency,0
génétique,1
pouvaient,1
rue,1
forma,2
derechos,2
the,2
publique,1
atenas,2
theory,0
ideas,0
nitrogen,0
jusqualors,1
techniques,1
couvre,1
pixel,0
cio,1
alexander,1
campeones,2
exhibida,2
suite,1
sería,2
survenue,1
sequence,0
vladimir,0
olimpiadas,2
ranking,0
fragiles,1
desarrollo,2
lugar,2
vender,2
structure,0
remnant,0
bélgica,2
limitó,2
powell,0
idioma,2
mouvements,1
aparecieron,2
development,0
villa,2
llamados,2
partielle,1
document,0
escuela,2
linvasion,1
cambiaron,2
desconocidos,2
extrema,2
forman,2
realizados,2
propylene,0
visitó,2
couverts,1
external,0
seguidos,2
clausurados,2
misha,2
royal,1
forme,1
samaranch,1
soutsos,2
condamnation,1
berlín,2
ordonne,1
prérévolutionnaire,1
honrar,2
worth,0
able,0
création,1
septième,1
presidencia,2
leur,1
garantizaba,2
finalizaron,2
importancia,2
participation,1
yield,0
computers,0
revient,1
dock,0
lavancement,1
chamonix,2
pentatlón,2
lapartheid,1
campo,2
votar,2
lessor,1
initié,1
destinée,1
vez,2
desfasar,2
begun,0
día,2
virent,1
proposant,1
japaneseissue,0
republic,0
contradictions,1
otomano,2
apporté,1
trouvèrent,1
reconnues,1
teorías,2
présentera,1
marginales,1
formados,2
algorithms,0
défendu,1
daccueil,1
tetroxide,0
otra,2
provoquant,1
instaurando,2
buscando,2
liste,1
citizensnb,0
considerados,2
divide,2
marron,1
légalité,1
tradition,1
pakistán,2
prominent,0
por,2
monarchie,1
meanwhile,0
mids,0
sous,1
brundage,2
común,2
precavido,2
cyclone,0
juntos,2
canal,2
haga,2
interesada,2
ranging,0
remplies,1
investigation,0
interdiction,1
changing,0
británica,2
intéressés,1
personales,2
nombreux,1
raison,1
antibodies,0
respaldó,2
perçu,1
laisse,1
baja,2
éprouvantes,1
banderas,2
posteriormente,2
bent,2
emphatic,0
housed,0
final,0
pebetero,2
cosechas,2
towards,0
población,2
depends,0
vue,1
restent,1
andria,2
cargos,2
reto,2
revisión,2
convulsionó,2
vida,2
séminaire,1
tools,0
economist,0
many,0
avances,2
luccesi,2
sistema,2
estar,2
launay,2
contests,0
costó,2
privilegios,2
function,0
pagar,2
bouleversements,1
appelle,1
officiellement,1
vii,1
adoptada,2
interactions,0
beginning,0
link,0
léonidas,1
inicio,2
popular,0
chirac,1
definitiva,2
decatlón,2
permis,1
intercalados,2
office,0
déclare,1
labor,2
votent,1
overtrained,0
gimnasia,2
mission,1
placent,1
défilent,1
consideraba,2
enciclopedistas,2
rapporte,1
called,0
cuba,0
organic,0
échangés,1
derecho,2
faits,1
advances,0
datos,2
necker,2
gestuelles,1
votes,1
revanche,1
champion,1
stade,1
benjamín,2
form,0
restée,1
supercheries,1
representative,0
evening,0
juillet,1
modo,2
siècle,1
vise,1
cuenta,2
note,0
cabeza,2
mudaron,2
noble,2
tandis,1
deriva,2
dorganisation,1
season,0
hiver,1
weaken,0
alentours,1
lencyclopédie,1
simple,0
citó,2
card,0
tutelle,1
musée,1
michael,1
constante,2
lista,2
former,0
votaciones,2
dancien,1
knives,0
face,0
seul,1
americana,2
cortos,2
travers,1
política,2
wjhgwecps,0
intento,2
alternate,0
membranes,0
maxime,2
fidelidad,2
serial,0
mirror,0
première,1
respectivement,1
parallel,0
ajustements,1
económico,2
pueblo,2
dean,0
basa,2
sousprojet,1
mouvement,1
pasan,2
invierno,2
powerful,0
cuádrigas,2
bbc,2
uses,0
forces,0
profesionalismo,2
cabida,2
tête,1
respondió,2
televisiones,2
délide,1
exhibit,0
suède,1
contribuyó,2
observed,0
simple,2
presos,2
offrir,1
caballero,2
crear,2
cambió,2
participante,2
particularly,0
currents,0
neurophysiologist,0
michael,0
cinco,2
ouvriers,1
may,0
riesgos,2
achieving,0
engineers,0
won,0
expulsión,2
nageur,1
diagnosis,0
lutilisation,1
televisivos,2
chelem,1
caused,0
cirque,1
hôte,1
adaptive,0
mit,0
simply,0
moscú,2
diverse,0
that,0
trabajos,2
satellite,0
lépoque,1
nonlinear,0
chesapeake,0
consenso,2
sappuyer,1
défaite,1
spleem,0
difusión,2
investigate,0
antiguo,2
conditions,1
distingue,1
broad,0
voire,1
desataron,2
salient,0
délivrer,1
axons,0
aksyonov,0
emisión,2
congrès,1
estudiado,2
returned,0
typaion,1
main,0
roturiers,1
reconocían,2
ciclo,2
unstable,0
considerably,0
records,0
colaboración,2
uncovering,0
measured,0
next,0
sign,0
devenus,1
règlements,1
devront,1
procession,1
saint,1
leçon,1
reliés,1
tentativa,2
tiennent,1
against,0
metal,0
lucharon,2
llevaba,2
importants,1
empezó,2
problems,0
dopage,1
intercalaires,1
escritor,2
train,0
archivo,2
canales,2
nongrecs,1
estivaux,1
source,1
received,0
cathodoluminescence,0
honte,1
hora,2
médiatique,1
demandaron,2
trees,0
france,1
evaporation,0
estamentos,2
establecidos,2
ocean,0
déclencheur,1
tomaría,2
committed,0
vancouver,2
universalidad,2
clôture,1
demeure,1
minimized,0
magistrados,2
constructed,0
abrasives,0
modelling,0
mais,1
designer,0
will,0
romper,2
receive,0
montserrat,1
attitudes,1
rebaptisés,1
confus,1
mysore,1
durement,1
btype,0
digital,0
cluster,0
away,0
social,2
origen,2
effect,0
eran,2
río,2
adressées,1
llegada,2
clark,0
louverture,1
rojo,2
loss,0
plumage,1
neuroscience,0
cortex,0
marquis,1
ambitions,1
another,0
michelet,1
présents,1
empleo,2
lhaïtien,1
máiz,1
souhait,1
costo,2
charlotte,1
case,0
dicha,2
ferenc,2
reconnaissance,0
presentación,2
comienzos,2
minima,1
nuevo,2
operation,0
retirados,2
debris,0
investigaciones,2
offered,0
long,0
mejor,2
carreteras,2
them,0
generator,0
antorcha,2
becoming,0
analog,0
herbert,2
squash,2
aceptaron,2
analyze,0
acusó,2
judo,1
element,0
configurations,0
ferrocarriles,2
labor,0
référence,1
lhomme,1
dimpôt,1
considéré,1
anfitrionas,2
néméens,1
peuvent,1
versión,2
procedieron,2
apaga,2
ernst,1
where,0
let,0
rituales,2
population,1
oficiales,2
popularidad,2
either,0
alojan,2
hijo,2
approached,0
justicias,2
letat,1
habituation,0
sido,2
baron,1
trataron,2
fit,1
great,0
carafa,2
this,0
nemeos,2
transports,1
exigences,1
efigie,2
occidentales,2
réfléchir,1
celebrándose,2
recule,1
nhc,0
cuya,2
formación,2
bien,2
antigua,2
stabilize,0
récurrents,1
necesaria,2
sobrecostos,2
device,0
confundir,2
délié,1
transmission,0
josé,2
voltaire,2
acetylcholine,0
levée,1
alrededor,2
boxeo,2
rol,2
cerró,2
ebu,2
regulan,2
pour,1
repris,1
public,1
aceptación,2
capaces,2
scatter,0
yucatán,0
organized,0
nisha,2
debieron,2
faussement,1
articles,1
demostrado,2
object,0
criticado,2
julio,2
aprovechar,2
tregua,2
week,0
órganos,2
ubicadas,2
variations,0
menèrent,1
espaces,1
donde,2
adaptaciones,2
techniques,0
écartés,1
cadre,1
performance,0
même,1
pujante,2
spécimen,1
results,0
principio,2
soga,2
apprenez,1
idées,1
rebelión,2
restablecer,2
page,1
espèces,1
distribution,0
plus,1
destrucción,2
filósofos,2
hostilidades,2
convirtiéndose,2
put,0
came,0
vitrine,1
organisatrice,1
amateur,1
aboutit,1
impuesto,2
who,0
grecorromana,2
slowed,0
celebró,2
gestiones,2
prennent,1
construct,0
vont,1
nombrado,2
autonomously,0
decir,2
milliers,1
inordinate,0
olivo,2
even,0
populares,2
historiques,1
outlets,0
appearance,0
issuing,0
progressivement,1
expositions,1
allowed,0
reivindicaciones,2
established,0
iniciando,2
house,0
révoltes,1
one,0
paraguas,2
limportance,1
comenzar,2
expresó,2
completed,0
smaller,0
encargadas,2
mobile,0
favoriser,1
diversity,0
mbar,0
work,0
represent,0
soon,0
criterios,2
recent,0
fundó,2
publicité,1
wind,0
proceeded,0
lenregistrement,1
lado,2
neuroscientists,0
eut,1
eso,2
amateur,2
usher,0
notes,1
southeast,0
collaborated,0
guard,0
euros,2
learning,0
bloque,2
saffirsimpson,0
total,0
suprimió,2
mcculloch,0
fortaleza,2
curación,2
driving,0
prime,0
debe,2
especially,0
natural,0
pouvant,1
dur,1
desplome,2
constitución,2
differences,0
turn,0
dendrodendritic,0
longterm,0
macromolecular,0
delanoë,1
batavia,0
autoridades,2
théodose,1
existía,2
lévolution,1
temor,2
bangladesh,2
daikles,1
rápido,2
pentathlon,1
fiestas,2
parlamento,2
forcing,0
favorisées,1
sánscrito,2
konstantinos,2
consagrados,2
fondamentales,1
platinum,0
conference,0
apr,1
cobrar,2
anglais,1
bank,0
formalmente,2
periodo,2
admirados,2
mourning,0
préciser,1
demande,1
republicano,2
after,0
controvertidas,2
culturels,1
impacto,2
once,2
rubles,0
jugée,1
igual,2
inorganic,0
medio,2
constitucional,2
pots,1
deportes,2
vote,1
russe,1
criticism,0
determinación,2
cambio,2
losses,0
discipline,1
début,1
hippiques,1
lance,1
revolucionaria,2
olímpicos,2
low,0
functions,0
few,0
idsia,0
weak,0
actuelles,1
suggesting,0
muestran,2
appliquées,1
lidée,1
cords,0
table,0
august,0
represión,2
seminole,0
labondance,1
devotos,2
beau,1
valid,0
extendiéndose,2
megaproyecto,2
key,0
juventud,2
money,0
citations,0
antiguos,2
dintranquillité,1
empresariales,2
services,2
cabezas,2
dropped,0
acostumbraba,2
official,0
sudafricaine,1
civil,0
lexploitation,1
références,1
lampleur,1
coup,1
impidiendo,2
inflation,0
geoff,0
francesa,2
lunanimité,1
storm,0
élitisme,1
crucial,1
corrupción,2
lear,1
known,0
canindé,1
nepal,2
tem,0
crept,0
nueve,2
heavy,0
significado,2
ideológico,2
gust,0
auspicios,2
tampa,0
entire,0
attachés,1
current,0
balazo,2
dhommes,1
introduced,0
magnifications,0
abogado,2
matière,1
estampillas,2
matizado,2
mensajes,2
diseñado,2
dhistoriens,1
théorie,1
cese,2
printing,0
travail,1
shame,1
rosenblatt,0
mito,2
sociales,2
moderate,0
tal,2
malmenée,1
rebasamiento,2
cénit,2
sobre,2
déterré,1
momento,2
bcm,0
possibles,1
sharply,0
multicolores,1
porté,1
understand,0
extensión,2
grand,2
fully,0
désigne,1
puja,2
toutefois,1
noblesse,1
lieux,1
grimper,1
defined,0
staining,0
clear,0
projected,0
membre,1
connolly,2
paralímpico,2
délégation,1
interés,2
discutée,1
sistemático,2
jeu,2
radiodifusión,2
any,0
toutes,1
mayor,2
relationships,0
cerca,2
composed,0
donnent,1
demonio,2
seulement,1
médiévale,1
neuronal,0
connectionism,0
propriété,1
partidarios,2
nacidos,2
organizado,2
retrace,1
barrios,2
dewdneys,0
merged,0
décisive,1
dried,0
generales,2
argumento,2
expertos,2
yoshimasa,0
noyées,1
lieu,1
representantes,2
instalaciones,2
desproporcionadamente,2
economistas,2
préjudiciables,1
appelé,1
entrenar,2
families,0
patinage,1
esas,2
abstraction,0
term,0
notre,1
signalé,1
collectivement,1
respecto,2
améliorés,1
sites,1
laboureurs,1
prevaleciente,2
convertido,2
locally,0
estadio,2
caraïbe,1
adaptarse,2
games,0
catholique,1
dirt,0
modelo,2
restantes,2
constantin,1
equivalente,2
certains,1
wiesel,0
point,1
recognition,0
pas,1
construir,2
conocido,2
maramis,0
mph,0
eastern,0
realizó,2
démission,1
carried,0
each,0
deaths,0
joutes,1
softball,1
obs,2
sur,1
better,0
duda,0
whom,0
communauté,1
concretarían,2
competición,2
programme,1
grand,1
quemada,2
energydispersive,0
hizo,2
villes,1
envergure,1
doivent,1
cuales,2
dentro,2
porcentaje,2
heure,1
speed,0
resources,0
gives,0
give,0
amazones,1
nen,1
fortement,1
albergar,2
suivie,1
oso,2
antidifamación,2
cribb,0
literalmente,2
alejado,2
through,0
reclamando,2
presentaron,2
manifester,1
rondeau,1
sídney,2
diagoras,1
aussi,1
jusquau,1
premier,1
rehabilitación,2
various,0
justice,1
profesores,2
removal,0
discutió,2
moralité,1
nación,2
muertes,2
emplea,2
titre,1
manejar,2
establecieron,2
mathematics,0
nmi,0
relation,0
viiie,1
touché,1
contribuyeron,2
webz,0
ocasiones,2
generadas,2
carbon,0
well,2
concours,1
trataban,2
wide,0
passed,0
performed,0
clavada,2
around,0
xxx,2
oldest,0
distinción,2
parte,2
principios,2
does,0
feudalismo,2
japan,0
renoncé,1
wpap,0
verser,1
países,2
banana,0
peau,1
posterior,2
punched,0
effective,0
souvrent,1
resistió,2
perpendicular,0
basic,0
burguesa,2
system,0
déposées,1
korn,1
démonstration,1
actual,2
coordinar,2
dussehra,2
futuro,2
fidias,2
misma,2
resin,0
inspired,0
artístico,2
lévènement,1
celebrarse,2
liberados,2
quelques,1
ministre,1
ideológicos,2
glutaraldehyde,0
independence,0
oportunidades,2
destiné,1
incredible,0
winds,0
being,0
deportivos,2
chose,1
flowing,0
combattre,1
inglaterra,2
terrorism,0
gran,2
complété,1
handle,0
supériorité,1
captures,0
pur,1
romain,1
sufficient,0
dan,2
resto,2
promovidos,2
estableció,2
jusquà,1
fuertemente,2
owing,0
legal,0
inicia,2
mens,2
distances,1
audiencia,2
declararon,2
initially,0
resuelto,2
presenta,2
éminent,1
hoarded,0
representativas,2
varying,0
regroupées,1
junto,2
reinos,2
mascotas,2
emitido,2
poder,2
travaux,1
offer,0
jaurais,1
mondiaux,1
advisories,0
inhg,0
dashanan,2
bibliografía,2
lancellotti,1
replication,0
académicos,2
hiérarchisés,1
magic,0
ceased,0
hay,2
mejoras,2
george,2
ceuxci,1
territories,0
diciembre,2
simplifies,0
formaron,2
rééquilibrage,1
existen,2
son,1
shorter,0
quelle,1
quune,1
convention,1
doubled,0
frase,2
overhead,0
desventaja,2
révéla,1
entró,2
finance,0
carte,1
decide,2
ville,1
resolving,0
doit,1
decreased,0
véase,2
compared,0
diffusé,1
referencias,2
clergé,1
compris,1
emigrados,2
népotisme,1
needed,0
serment,1
abarca,2
petit,1
ayudando,2
classes,1
dites,1
barcelona,2
transparency,0
formas,2
hôtes,1
esprits,1
commerciale,1
sometimes,0
reconocidas,2
complex,0
palmier,1
estándares,2
áfrica,2
televisión,2
connectionswhich,0
comercialismo,2
representadas,2
hebb,0
considerablemente,2
number,0
revelaría,2
zones,1
diosa,2
broadcasting,0
médias,1
turned,0
nearly,0
enleva,1
politisent,1
obreros,2
remporter,1
concurrent,1
aucun,1
illumination,0
raster,0
tomó,2
hurricanes,0
priorité,1
reçoivent,1
nayant,1
rendered,0
relativamente,2
panhandle,0
freeze,0
régime,1
lont,1
privados,2
dathlétisme,1
maupéou,1
here,0
demostraría,2
proclame,1
collapses,0
wflatv,0
dos,2
recibió,2
televisivo,2
citada,2
immediate,0
turnsit,0
preparación,2
etc,2
lavènement,1
approaching,0
sputter,0
whereas,0
nombreuses,1
masculinas,2
guttmann,2
properties,0
jiri,2
environ,1
eye,0
nombres,1
estudio,2
monetary,0
comercio,2
trois,1
para,2
hours,0
himno,2
approximation,0
raconte,1
message,0
times,0
successfully,0
les,1
national,0
primeros,2
denominados,2
dar,2
light,0
diversas,2
vitreous,0
minister,0
emission,0
wflffm,0
ser,2
least,0
temporada,2
anfitrión,2
apart,0
journées,1
reaching,0
artículos,2
salud,2
making,0
years,0
recently,0
general,0
dépendu,1
fraudcitation,0
considérables,1
populations,1
materials,0
factions,1
ejemplos,2
cable,0
not,2
moderne,1
bon,1
celebrados,2
underlying,0
briefly,0
reconocidos,2
lhistorien,1
copie,1
séquiper,1
diwali,2
arreglar,2
venu,1
reprend,1
insurgentes,2
wkgcamfm,0
military,0
preocupación,2
crítica,2
sport,1
fact,0
strive,0
suffered,0
invernal,2
éducatives,1
dieron,2
retrocedió,2
some,0
created,0
impractical,0
pierre,1
actuellement,1
bbc,1
similar,0
acceso,2
resultado,2
entrega,2
responses,0
passer,1
doscientos,2
diamond,0
purpose,0
esquiadores,2
similares,2
son,2
accelerated,0
tenus,1
payments,0
replaced,0
experiments,0
lanzamiento,2
aruba,2
deux,1
persistir,2
view,0
grid,0
larges,1
kolff,0
three,0
reducirlos,2
featuredetection,0
dantisémitisme,1
lucha,2
vencido,2
discapacidad,2
aumentó,2
when,0
profesional,2
devant,1
recognizers,0
garant,1
believers,0
entrepreneurs,1
disponibles,2
trece,2
achevée,1
interpretó,2
dinformation,1
poids,1
abarcar,2
eliminaron,2
mantuviera,2
actos,2
siete,2
quentre,1
ampfhill,2
promise,0
edgar,1
añadida,2
principales,2
concesiones,2
terms,0
corruption,1
tuer,1
separados,2
gobierno,2
minuto,2
felled,0
contribué,1
town,0
frère,1
jamess,0
solvents,0
jeansylvain,2
waldi,2
registros,2
vie,1
bath,0
suisse,1
concept,0
bajo,2
flatteur,1
réputés,1
días,2
aurait,1
nettement,1
both,0
marchande,1
create,0
tire,1
existe,1
vacuum,0
eventually,0
autorité,1
functionally,0
neurotransmitter,0
plusieurs,1
hospitales,2
occurred,0
clipping,0
extraits,1
retiró,2
noncrystalline,0
easier,0
reuniendo,2
tip,0
noir,1
auprès,1
iniciar,2
panhelléniques,1
comprendre,1
moins,1
rige,2
establecía,2
zubiaur,2
tendencia,2
médiévales,1
dès,1
decidió,2
comerciantes,2
swath,0
monarchique,1
dashmi,2
renommés,1
gulden,0
microscopes,0
part,2
specimens,0
bádminton,2
soit,1
morphological,0
subfossile,1
freezefracture,0
terrorisme,1
logician,0
font,1
commun,1
pedestre,2
volviendo,2
eastward,0
maître,1
successful,0
related,0
basados,2
allemands,1
accueilli,1
ladversaire,1
increase,0
pyramidal,0
discobole,1
alexander,0
electroninduced,0
blame,0
produce,2
resentimiento,2
únicas,2
alexei,2
publicitaires,1
contemporary,0
corps,1
parfois,1
mando,2
hard,0
corriente,2
otorga,2
exclusive,1
société,1
déterminante,1
remportant,1
attribute,0
nicaissued,0
queremos,2
realización,2
hole,0
fished,0
viewed,0
chauffage,1
dabord,1
megaproyectos,2
république,1
small,0
atleta,2
analyses,0
proceedings,0
realizan,2
seen,0
brundage,1
budget,1
classical,0
discovered,0
pressure,0
expuestas,2
exposición,2
pues,2
efforts,0
música,2
colors,0
zone,0
swiss,0
professionnalisme,1
dathlètes,1
lan,1
televisiva,2
calendrier,1
idea,2
message,1
acuerdo,2
lun,1
significa,2
changements,1
surgieron,2
omnisports,1
containing,0
approaches,0
dordre,1
consta,2
formuló,2
habló,2
inmortalizados,2
archaïques,1
partir,1
chaque,1
evento,2
terreur,1
zappas,2
mixed,0
xviii,2
must,0
mundo,2
austriabohemia,2
images,0
contre,1
nica,0
existing,0
grayowned,0
instantiations,0
films,0
aid,0
contenidas,2
frontal,0
infiltrated,0
steps,0
estimé,1
samples,0
actualización,2
apertura,2
realiza,2
cours,1
inner,0
vallée,1
citrate,0
europa,2
jacques,1
negro,2
finalización,2
combining,0
vertical,0
marca,2
landscape,0
body,0
southwestern,0
seguridad,2
antigüedad,2
transition,0
avançant,1
renuncia,2
lara,1
lexpansion,1
originarios,2
ejemplificada,2
ruines,1
other,0
mitad,2
run,0
osmium,0
palli,2
varias,2
organización,2
autres,1
ier,1
pillory,0
served,0
addition,0
analyzing,0
melly,2
sœurs,1
polymerized,0
traditionally,0
instalar,2
flow,0
dashahara,2
alternant,1
dartois,2
invitaron,2
durables,1
compone,2
zoologie,1
pays,1
llevó,2
laider,1
wpfm,0
sint,2
probability,0
polished,0
relatarse,2
siguió,2
multimedia,2
escasez,2
dimension,1
database,0
storms,0
descubrieron,2
inclurent,1
sujets,1
plenamente,2
yann,0
estatua,2
phase,0
rochester,0
rejoignent,1
protegió,2
cafeterías,2
peine,1
respective,0
reunieron,2
especialmente,2
zappas,1
complete,0
posible,2
improvements,0
opuesta,2
fragile,0
avec,1
phosphotungstic,0
paralela,2
inglesa,2
pasos,2
games,1
decide,0
conoce,2
medios,2
existants,1
gigantesques,1
fall,0
clusters,0
olympiques,1
menées,1
propagé,1
seis,2
fril,0
comenzando,2
attestent,1
methodology,0
but,2
fonds,1
knife,0
salt,2
qui,1
improve,0
limited,0
nbc,0
sublime,0
placid,2
nórdica,2
multilane,0
emisoras,2
premiers,1
sociedad,2
haber,2
sources,0
plafond,1
memoria,2
more,0
croissance,1
facilitate,0
intimately,0
dallégeance,1
universal,2
tentatives,1
punto,2
wasj,0
generated,0
sufficiently,0
envisager,1
messénien,1
sems,0
déficit,2
femmemais,1
dacheter,1
allows,0
caribbean,0
anyone,0
étaient,1
vírgenes,2
aqueous,0
gathered,0
its,0
promotion,1
incluyen,2
valorisant,1
enough,0
statut,1
explique,1
across,0
arbre,1
mantenían,2
inmediatamente,2
internet,2
directions,1
suben,2
nacionalsocialista,2
probe,0
irradiation,0
snn,0
frozen,0
competiciones,2
instance,1
conmemorativas,2
important,2
cryofixation,0
tenu,1
éditions,1
reduce,0
construyó,2
common,0
technology,0
propriétaires,1
retour,1
perçue,1
bernard,2
research,0
converted,0
succèdent,1
entrevistas,2
sitúa,2
finish,0
antonio,2
dit,1
released,0
rasters,0
continuaron,2
dussehra,1
water,0
contaba,2
computation,0
tel,1
menudo,2
disque,1
inaugure,1
soi,1
jacques,2
carefully,0
federaciones,2
southeastern,0
sanctionnés,1
allá,2
normal,0
code,0
material,0
subsistances,1
drogues,1
failure,0
lake,1
affiliate,0
fortius,2
sugieren,2
concebidos,2
déplacement,1
inglés,2
homogéneo,2
field,0
plasticity,0
neuromorphic,0
olimpick,2
allait,1
altius,2
commencement,1
kong,2
durcupan,0
fermeture,1
obtuvo,2
establecer,2
free,0
votaran,2
alcance,2
lesprit,1
fin,2
serie,2
lipids,0
pasó,2
introduce,2
sustained,0
dynamics,0
utilizado,2
handwriting,0
locución,2
paz,2
immunogold,0
atletas,2
local,2
tradicionalmente,2
elegido,2
concesión,2
broadcasting,2
léquitation,1
actividades,2
uno,2
profitent,1
diderot,2
fútbol,2
room,0
dependencias,2
bousies,2
biopsy,0
widely,0
developed,0
attributes,0
crise,1
not,0
médaillé,1
disturbance,0
gigantesco,2
maps,0
entrelazados,2
salle,1
équipements,1
seront,1
insurrección,2
défenseurs,1
libre,1
régulièrement,1
initiated,0
rousseau,2
dejaron,2
supervisión,2
contrast,0
prémices,1
mariées,1
minimize,0
representa,2
mandeville,2
helium,0
révolution,1
preparation,0
sommant,1
travel,0
effet,1
désormais,1
etc,0
sorbonne,1
constitués,1
séparées,1
paume,2
avoid,0
electrons,0
wikipédiens,1
gros,1
dhumains,1
killed,0
mayúscula,2
along,0
distincts,1
reyes,2
skeptical,0
databases,0
estimulantes,2
enquête,1
entraîneurs,1
juzgar,2
giro,2
foncière,1
meandered,0
xii,1
comités,1
tender,0
léducation,1
producen,2
preserving,0
meghanatha,1
split,0
disputas,2
état,1
tema,2
absolue,1
shropshire,2
polishing,0
independientemente,2
deportivas,2
lenrichissement,1
met,1
top,2
cercano,2
immédiatement,1
dry,0
céréales,1
ernest,2
asegurar,2
help,0
privilegiados,2
combined,0
flooding,0
haltérophilie,1
dejara,2
reçu,1
revendications,1
printed,0
sochi,2
averoff,2
territorios,2
cease,0
seleccionados,2
applications,0
triumph,2
estimated,0
dacquérir,1
ancien,1
representaría,2
hechos,2
troisième,1
langage,1
portée,1
eliminó,2
fixation,0
siguientes,2
suele,2
cual,2
recién,2
detection,0
roma,2
rotar,2
larmée,1
pourtant,1
entama,1
profesionales,2
políticos,2
fraternidad,2
abrió,2
píticos,2
proposed,0
effigies,1
noted,0
corpore,2
spéculations,1
insect,0
ángeles,2
puede,2
souhaitant,1
nacional,2
detergent,0
privilèges,1
panama,0
ramage,1
face,1
patterns,0
communaux,1
peu,1
tropas,2
washed,0
microstructure,0
anfitriona,2
crecido,2
flying,0
important,0
géométrie,1
ella,2
supervivencia,2
name,0
puntuales,2
instance,0
podiums,1
transmisión,2
fracture,0
maneuvered,0
shown,0
corresponde,2
instituciones,2
decision,0
élimine,1
van,2
controversée,1
fuera,2
publicidad,2
luminescence,0
wetmore,1
gotas,2
autocthones,1
adhesive,0
hombre,2
presidente,2
vingttrois,1
égalitaires,1
grèce,1
theoretical,0
karate,2
fondamentale,1
liberales,2
terre,1
honoré,1
esem,0
prevalencia,2
consiguiente,2
prestige,1
extensive,0
giving,0
negativa,2
incluía,2
specific,0
rescue,0
rénover,1
olímpicas,2
satélites,2
creación,2
perdieron,2
marcó,2
titulado,2
switched,0
calles,2
européennes,1
cities,0
werbos,0
más,2
mechanism,0
horas,2
lécologie,1
hockey,2
traverser,1
medalla,2
inmanejable,2
depender,2
griega,2
rogge,2
add,0
tensions,1
tuvieron,2
sector,2
backgammon,0
believe,0
bain,0
premiación,2
lanzó,2
mode,0
héros,1
university,0
advantage,0
honora,1
guardia,2
uso,2
fortifier,1
sdb,0
razones,2
tras,2
métrico,2
finalizó,2
tallahassee,0
duración,2
wgsx,0
breaking,0
remodelación,2
classification,0
introdujo,2
zeus,2
variants,0
resistencia,2
américains,1
esclave,1
abierta,2
hellène,1
milon,1
reconnus,1
hablado,2
escándalo,2
memory,0
softball,2
finalizando,2
blotted,0
impacted,0
issue,0
incitent,1
land,0
amberes,2
asignación,2
torsten,0
hielo,2
acusado,2
pétards,1
internes,1
neuromodulators,0
expresan,2
espectadores,2
describir,2
intelligent,0
formally,0
version,1
life,2
same,0
florida,0
reales,2
darticles,1
dispuesto,2
detuvieran,2
tangibles,2
cable,2
serotonin,0
será,2
landfalling,0
formation,0
tomber,1
putin,0
publicaciones,2
découvre,1
gradualmente,2
perro,2
perdido,2
loses,0
accord,1
transfiere,2
promover,2
cmos,0
participaron,2
duramente,2
habían,2
sentenció,2
entregado,2
competencia,2
inspiró,2
motor,2
cognitive,0
convolution,0
importantes,2
dépreuves,1
financiados,2
can,0
presidencias,2
donald,0
accomplir,1
handwritten,0
devenant,1
admises,1
quotas,1
famoso,2
hasta,2
era,0
panagiotis,2
abril,2
despite,0
regulares,2
divin,1
creándose,2
ello,2
cells,0
then,0
décadas,2
olson,1
culminating,0
nest,1
élu,1
professionnalisation,1
silencio,2
tradicionales,2
internationales,1
pendant,1
ocasión,2
delay,0
coating,0
plaza,2
several,0
valeurs,1
san,2
député,1
bailly,1
application,1
francophone,1
ruso,2
cumplir,2
albergado,2
desalojos,2
rechazo,2
probing,0
japaneseissued,0
penas,2
welldefined,0
léconomie,1
éventuel,1
understanding,0
relocated,0
informa,2
independencia,2
spectrum,0
programming,0
consagrar,2
henriquez,1
sociétés,1
maîtres,1
refusée,1
internacionales,2
multitud,2
unos,2
faste,1
continentes,2
gestión,2
moved,0
servidumbres,2
independientes,2
convocatoria,2
unsupervised,0
usually,0
models,0
tard,1
compuesto,2
comunicación,2
identify,0
milan,1
static,0
flows,0
liverpool,2
periodonikès,1
tenían,2
símbolo,2
caraïbes,1
allí,2
aumentar,2
fortune,1
scoutoussa,1
artística,2
proie,1
chiffrées,1
sportif,1
successives,1
intraitable,1
humancompetitive,0
contemporaine,1
laire,1
votre,1
linstruction,1
declaró,2
estudios,2
votos,2
modèle,1
paradigms,0
unfixed,0
behavioural,0
optical,0
tricolor,2
mismo,2
amplio,2
muy,2
comisión,2
hindúes,2
article,0
réformes,1
remains,0
souhaite,1
ritos,2
correspondientes,2
cbs,2
precedentes,2
pausanias,2
présidence,1
européenne,1
dautres,1
través,2
proteins,0
hors,1
realworld,0
lisant,1
diphitos,1
symboles,1
gestion,1
campeón,2
cuota,2
dernière,1
saintecroix,1
interactions,1
unreadable,0
implications,1
semblent,1
juegos,2
rama,2
dor,1
semlike,0
classify,0
lagitation,1
manera,2
información,2
rompiendo,2
enfrentaban,2
pugilat,1
atletismo,2
jusquen,1
dhonneurs,1
matando,2
charge,0
clase,2
attached,0
shortterm,0
grafstrm,2
tricolor,1
moderna,2
australian,0
studio,0
dólares,2
muestra,2
dentre,1
únicos,2
produced,0
enlaces,2
golpe,2
indéniable,1
writer,0
utilizar,2
clasificar,2
dindépendance,1
bulk,0
points,1
hacia,2
stacks,0
transparent,0
sugiere,2
revolucionario,2
accusations,1
parabólico,2
convertía,2
furent,1
singlelayer,0
olympiade,2
aparición,2
lécoute,1
coverage,0
dinformations,1
north,0
seventh,0
projet,1
miedo,2
completar,2
radial,0
única,2
parvient,1
était,1
ammonium,0
citoyen,1
segunda,2
artisans,1
voir,1
confiscaron,2
étendards,1
inputs,0
conforman,2
states,0
gesture,0
manuels,1
representen,2
inscripciones,2
consecuencia,2
familiales,1
andries,0
aux,1
golf,2
candidata,2
finalmente,2
finalistas,2
glaucogularis,1
ministérielles,1
hybrid,0
trying,0
asamblea,2
pourrait,1
totalité,1
sociales,1
géographiquement,1
arrièrepensées,1
surrender,0
corebo,2
elegidos,2
maintaining,0
comprise,1
parlance,0
período,2
tendrán,2
nombró,2
europeas,2
wrap,0
limportante,1
cuestión,2
dun,1
caparaçonné,1
capture,0
novelty,0
gobernador,2
electron,0
height,0
tales,2
inland,0
concurrence,1
directly,0
internal,0
celebran,2
médailles,1
intermédiaires,1
bailly,2
contemporánea,2
kind,0
poemas,2
should,0
surgen,2
rheed,0
citius,2
métèque,1
factores,2
costosos,2
calculators,0
convoquer,1
atlantic,0
extrapolating,0
bridgman,0
calle,2
tentative,1
four,0
fuerzas,2
rétablissement,1
produce,0
visible,0
espoirs,1
dieux,1
minibatches,0
sólo,2
cosa,2
space,0
originelle,1
tant,1
instructions,0
patriote,1
siglo,2
lui,1
computational,0
intención,2
aircraft,0
disciplines,1
islands,0
exploring,0
levels,0
régimen,2
industrially,0
devoción,2
science,0
scratches,0
ladmission,1
régionaux,1
italia,2
comercialización,2
northward,0
espn,0
républiques,1
principales,1
sucesor,2
argentina,2
nunca,2
elles,1
labsolutisme,1
available,0
thins,0
ceux,1
until,0
real,2
fifa,2
languages,0
relacionadas,2
incorporated,0
toma,2
separate,0
ideología,2
ready,0
average,0
mascota,2
panhelénicos,2
igualdad,2
lors,1
suecia,2
administradores,2
gastó,2
leonard,2
adapté,1
two,0
cbs,0
siècles,1
recorded,0
annulée,1
working,0
wjhgtv,0
singapur,2
dilute,0
caractère,1
hace,2
viejo,2
areas,0
experiencia,2
cause,1
señal,2
large,0
limitation,1
implicaciones,2
compartido,2
permettent,1
nouvelle,1
bâtiments,1
just,0
hoteles,2
unidos,2
dirigió,2
repose,1
globales,2
bonaparte,2
côté,1
celebraran,2
quema,2
contribuciones,2
tumulto,2
médaille,1
amateurismo,2
favor,2
pousses,1
dealt,0
lhonneur,1
conservadores,2
thirteenth,0
denfreindre,1
lower,0
algún,2
lopinion,1
jueces,2
cooler,0
originales,2
tous,1
strictly,0
olympique,1
elementos,2
capabilities,0
ways,0
baseball,1
just,2
sentar,2
pares,2
quatorze,1
propre,1
limites,1
chevaux,1
empire,1
septiembre,2
externes,1
meilleurs,1
entonces,2
ganaban,2
intereses,2
fourteen,0
puis,1
mémoire,1
mató,2
thoroughly,0
sustanciales,2
grupo,2
dejó,2
knocked,0
dété,1
victims,0
éloignés,1
exclusivamente,2
microbiology,0
olympie,1
asocia,2
potential,0
temperature,0
pisa,2
strongest,0
and,0
épreuves,1
grecs,1
vivienda,2
élite,2
mosaïque,1
creó,2
strengthen,0
ideas,2
perceptron,0
olympiques,2
napoleón,2
primer,2
tercera,2
accompli,1
facilitates,0
romaine,1
notes,0
companys,0
seigneurs,1
performance,1
introducido,2
desde,2
dorge,1
commerce,1
davancement,1
etats,1
esa,2
deuxième,1
but,0
idéologiques,1
scanned,0
males,2
fondo,2
tasks,0
wellorganized,0
massimo,1
ruban,1
speaker,0
repoeblik,0
sujetos,2
français,1
principal,2
especial,2
imponer,2
laltis,1
spinal,0
iheartmedias,0
estos,2
tenait,1
variety,0
empires,1
medallas,2
ancrées,1
amongst,0
temps,1
turcs,1
laffontpoulotti,1
simulating,0
holland,0
nacionales,2
behaviour,0
rāmāyana,1
nation,1
ans,1
jamaïque,1
philosophiques,1
ashwin,2
izamiento,2
octubre,2
expressed,0
antecedentes,2
festival,2
vigor,2
unieron,2
trouverez,1
potentiation,0
descontento,2
described,0
segundos,2
fractured,0
comunes,2
region,0
value,0
saintlouis,1
acogió,2
parlementaire,1
adoptó,2
million,0
instabilité,1
vendée,1
typical,0
reestablishing,0
relaciones,2
précédant,1
bertrand,2
gulf,0
simulated,0
realizaron,2
accusa,1
définitive,1
tiene,2
individual,0
salt,1
province,1
casos,2
whose,0
nyu,0
derrota,2
conjunto,2
tricolore,1
naissante,1
aspects,0
comes,0
mauvaises,1
bec,1
santuario,2
permettre,1
purs,1
ten,0
prewar,0
ann,0
residual,0
aberrations,0
coincidiendo,2
beam,0
saisit,1
razón,2
demasiada,2
suizos,2
descendido,2
botanique,1
requisitos,2
conseil,1
isbi,0
reconstrucción,2
dutch,0
griegos,2
increasingly,0
naciones,2
philosophes,2
television,0
hong,2
retrouvées,1
global,0
produits,1
réaliser,1
would,0
secondary,0
ilegítimo,2
previously,0
electrodes,0
nobleza,2
llama,2
presentaciones,2
presentan,2
outputs,0
elemental,0
consistente,2
centaines,1
city,1
international,0
include,0
espirituales,2
officially,0
cruel,2
force,0
reliable,0
separado,2
sirvieron,2
agrícolas,2
critiqué,1
wyyx,0
mahishasur,2
honteux,1
épisode,1
creía,2
painnote,1
occur,0
lequel,1
task,0
wenlock,2
predecible,2
gain,0
soient,1
éthique,1
sectioned,0
categories,0
partes,2
james,2
chancelier,1
determinado,2
beyond,0
costos,2
identification,0
while,0
orages,1
soulignée,1
tennis,1
universelle,1
domains,0
révolutions,1
financiar,2
estamento,2
slow,0
subtraction,0
dopamine,0
concentra,2
nanodevices,0
slices,0
lead,0
crimea,0
traditionnellement,1
intenciones,2
incluido,2
internment,0
diffusion,0
mexico,1
députés,1
éléphant,1
invite,1
beaucoup,1
patriotes,1
new,0
rares,1
voulons,1
algo,2
peut,1
asentados,2
win,2
confiaban,2
negociar,2
absolutismo,2
increasing,0
politiques,1
létoffer,1
coordonner,1
car,1
dissipating,0
hincapié,2
constitutionnelle,1
funciones,2
nouveau,1
composer,1
codes,1
unsourced,0
française,1
préparer,1
banknotes,0
arising,0
electrode,0
lexistence,1
cents,0
naissance,1
exponencial,2
gentlemen,1
landed,0
formulation,1
shear,0
superávit,2
asociado,2
ideales,2
bourgeoisie,1
named,0
novembre,1
estaban,2
impulso,2
escribió,2
optimiser,1
poderes,2
contra,2
algunos,2
vista,2
lankâ,1
sherrington,0
bursts,0
competir,2
template,0
spectroscopy,0
obligación,2
tissue,0
ice,0
celebraciones,2
specimen,0
preceding,0
españa,2
capaz,2
spectacle,1
iniciativas,2
machines,0
camps,0
microscope,0
archéologiques,1
convirtió,2
monarquía,2
read,0
maximum,0
closely,0
hasnt,0
descenso,2
modeling,0
consideró,2
franco,1
sections,0
means,0
sudáfrica,2
candidatura,2
porque,2
doscientas,2
ahora,2
sacerdotisa,2
icdar,0
apte,1
labeled,0
brumaire,1
concurrents,1
créer,1
políticas,2
monarchies,1
weakening,0
high,0
since,0
ganadores,2
mandat,1
thick,0
dáctilo,2
cas,1
insensibilidad,2
mario,2
georgia,0
durant,1
ofreciéndose,2
riches,1
lausana,2
nexstar,0
ground,0
diffuseurs,1
ensemble,1
connections,0
lévaluation,1
entre,1
ultramicrotome,0
podría,2
exclusion,1
fought,2
libre,2
modernes,1
parece,2
vous,1
particular,2
separation,0
acudían,2
psychiatric,0
gente,2
construcción,2
incorporarse,2
close,0
bosquejo,2
immediately,0
est,1
glace,1
économiques,1
adding,0
affirmant,1
esquisse,1
actual,0
fondos,2
coe,1
télévision,1
source,0
atlanta,2
first,0
required,0
ordres,1
into,0
profondément,1
netherlands,0
confiando,2
erronée,1
lenquête,1
rivales,1
siguiente,2
gallium,0
very,0
fomentar,2
appeler,1
fundada,2
estancamiento,2
escucha,2
palestinos,2
béisbol,2
chute,1
became,0
primera,2
títulos,2
representaba,2
good,0
sujet,1
physiocrates,1
java,0
definición,2
crews,0
ministro,2
propuso,2
ethos,2
sent,1
mise,1
récoltes,1
reflection,0
apuntaban,2
examined,0
curtius,1
biologically,0
exportaciones,2
ultimately,0
data,0
gérant,1
notas,2
syracuse,1
outages,0
outre,1
voix,1
alto,2
financière,1
interacts,0
rejuvenecen,2
dinclure,1
además,2
comerciante,2
compression,0
nos,1
héroe,2
growing,0
aeropuertos,2
cita,1
médiatisés,1
discussion,1
digits,0
permitan,2
récités,1
surface,0
moving,0
chars,1
hallazgo,2
enciende,2
cela,1
estocolmo,2
acids,0
these,0
eliminadasnota,2
généralement,1
travaillé,1
basó,2
labolition,1
backpropagation,0
latina,2
objetivo,2
apparitions,1
salchicha,2
dathènes,1
conocer,2
his,0
dinvitations,1
suggested,0
près,1
décision,1
degree,0
quería,2
liquid,0
passe,1
prix,1
visiter,1
gradually,0
year,0
guerres,1
hardware,0
still,0
polifacético,2
désir,1
viewing,0
convolutional,0
angles,0
costumbre,2
sacerdotes,2
centro,2
versalles,2
endroit,1
record,0
civil,2
juin,1
trapped,0
complexity,0
surge,0
afectando,2
negativos,2
finales,2
réservés,1
gouvernements,1
géométrique,1
moyenne,1
juges,1
père,1
variaciones,2
incluso,2
restrengthen,0
empleados,2
milliards,1
sabía,2
involves,0
rusia,2
once,0
strike,0
cost,0
permanente,2
provide,0
neurons,0
rectangular,0
microorganisms,0
entre,2
budget,0
milling,0
city,2
robespierre,1
larpentant,1
mécontent,1
fundación,2
attributed,0
antique,1
informe,2
violents,1
cuanto,2
permet,1
tyndall,0
tensiones,2
sécurité,1
confirmed,0
éphémères,1
claro,2
ofertar,2
xvi,2
laine,1
feet,0
out,0
jardin,1
mercancías,2
exclusivos,2
devising,0
nouveautés,1
deseo,2
originated,0
signaling,0
dadversaire,1
promulgó,2
secundarias,2
fama,2
stayed,0
boutowsky,2
médiatiques,1
quil,1
championne,1
semblant,1
found,0
sun,0
ouvrir,1
transmitidos,2
acid,0
james,0
use,0
virtually,0
monsieur,1
are,0
eliminado,2
erosionó,2
history,0
parts,0
mathematical,0
organizar,2
ongoing,0
paganas,2
celebrarán,2
oeang,0
lutte,1
taille,1
billion,0
asistir,2
ejecutiva,2
importante,2
nbc,2
lost,0
challenged,0
mcclelland,0
sedes,2
une,1
significativamente,2
vingthuit,1
events,0
connectionistic,0
revisiones,2
collapsed,0
compétition,1
exigieron,2
alice,1
modules,0
formate,0
grupos,2
diseñar,2
êtes,1
différent,1
aún,2
boicotearon,2
défis,1
compositional,0
terroristas,2
evolución,2
nivel,2
varían,2
observe,0
polydamas,1
synapses,0
apparent,0
dorganiser,1
étant,1
combates,2
continente,2
ocasionó,2
diderot,1
répartition,1
marxiste,1
find,0
haut,1
speech,0
gastado,2
rayos,2
manque,1
variation,0
paved,0
unido,2
tableau,1
comida,2
actitud,2
cameras,0
dhiver,1
otón,2
uranium,0
basaban,2
lactualité,1
plutôt,1
temperatures,0
declaración,2
accediera,2
royaume,1
utility,0
instrumentalisent,1
disposent,1
condolences,0
sucesivos,2
general,2
replica,0
ayuda,2
fields,0
charles,2
persona,2
trató,2
detecting,0
roads,0
bronze,1
obéissent,1
excellente,1
mirabeau,1
parameters,0
response,0
ions,0
hayan,2
fouilles,1
décrit,1
offrandes,1
recuperar,2
féminines,1
democracia,2
mercados,2
realeza,2
threshold,0
noviembre,2
detector,0
respectueuse,1
affected,0
reloj,2
during,0
agrandissements,1
unorganised,0
county,0
austríacos,2
sebastian,2
anticléricaux,1
productos,2
ininterrumpida,2
rénovation,1
oxford,2
gray,0
rocher,1
internet,0
république,2
damérique,1
sacrés,1
comienza,2
disuelven,2
wmbb,0
greater,0
resolución,2
injusta,2
siglas,2
provocó,2
sano,2
culturelles,1
inundadas,2
específica,2
hopfield,0
aprobación,2
cuyos,2
role,0
historiografía,2
sugreeva,1
jeux,2
palmarès,1
educación,2
types,0
universités,1
single,0
niveles,2
suit,1
vio,2
responsable,2
bastille,1
traición,2
antes,2
parmi,1
walter,0
text,0
option,0
influence,1
compitieron,2
boursières,1
cherche,1
posteriores,2
although,0
using,0
replacing,0
conventional,0
enómao,2
method,0
amérindiens,1
scenarios,0
rompt,1
practican,2
groups,0
originalmente,2
wiring,0
décider,1
ministry,0
zelanda,2
dara,1
livres,1
esencial,2
von,0
occidentale,1
repeated,0
intérêts,1
viii,1
however,0
fueron,2
sagit,1
implementations,0
large,1
shadowed,0
influenció,2
presentó,2
beneficios,2
principal,0
declaration,0
embedded,0
célébrée,1
despidió,2
chaotic,0
réformer,1
kumbhakarna,1
hindú,2
méxico,2
droit,1
vainqueur,1
stations,0
masas,2
eyewall,0
channel,0
backscattered,0
ran,0
ant,0
redes,2
sources,1
religiosa,2
russian,0
requerida,2
modificaciones,2
otorgado,2
consulat,1
república,2
baldaquins,1
examples,0
embedding,0
basis,0
surprising,0
internationale,1
united,0
xixe,1
oblige,1
ajedrez,2
ravenstein,2
interior,0
cite,0
opposer,1
comercial,2
années,1
católica,2
ofrecen,2
sri,2
llamó,2
channels,0
columnist,0
priées,1
guerre,1
stl,0
externa,2
prepare,0
acquired,0
apprendre,1
decisión,2
bois,1
cultura,2
paralímpicos,2
funcionarios,2
unidad,2
retirar,2
flesselles,2
originaron,2
legalmente,2
personas,2
perdure,2
corresponding,0
remove,0
todo,2
semana,2
thoughts,0
surgió,2
highenergy,0
cambios,2
olympiade,1
network,0
laction,1
citys,0
prior,0
par,1
pekín,2
exclusivement,1
layers,0
tamaño,2
down,0
serait,1
analysis,0
oposición,2
sophisticated,0
lintimider,1
bronce,2
controversias,2
cest,1
chocaban,2
voto,2
had,0
dépasser,1
rôle,1
ravana,2
group,0
olímpico,2
ocho,2
cases,0
subsystems,0
daucune,1
infraestructura,2
rumbo,2
seigneuriale,1
delis,1
exposition,1
aceptó,2
discussions,0
majority,0
about,0
manière,1
video,0
lescrime,1
physique,1
labeling,0
patinaje,2
rico,2
different,0
tecnología,2
obligadas,2
chercher,1
professionnels,1
póstumamente,2
appears,0
hockey,1
rurales,2
inspirée,1
ministerio,2
recorrido,2
mega,2
propiedad,2
propose,1
chargée,1
sesión,2
intensified,0
candidato,2
esto,2
prevent,0
quelque,1
iraient,1
participants,1
sydney,1
pure,0
damage,0
gpubased,0
paires,1
pueden,2
kunihiko,0
ajaja,2
répond,1
terratenientes,2
atacados,2
dinero,2
accusé,1
mil,2
microtome,0
farley,0
filantrópico,2
lacked,0
ampleur,1
derrotado,2
reunirse,2
items,0
estados,2
internacional,2
britanniques,1
nom,1
amount,0
approach,0
dattendre,1
wavelet,0
olimpiada,2
fit,0
vigentes,2
campesinos,2
interdisant,1
earthing,0
celebraron,2
dashami,2
pythiques,1
route,0
behavior,0
transmitida,2
fueran,2
europea,2
drive,0
intitulé,1
ludwig,2
posponían,2
reuniones,2
sopposer,1
califican,2
enfrentó,2
international,1
lépouse,1
surprised,0
rigen,2
inquiétés,1
brightness,0
oprimía,2
residents,0
design,0
short,0
recuperados,2
patrimonio,2
delanoë,2
show,0
proclaimed,0
celui,1
statecitation,0
permitir,2
noche,2
controverse,1
ayant,1
dura,2
athlète,1
voluntad,2
afectaría,2
bermudas,2
exchange,0
innsbruck,2
albertville,2
programas,2
juan,2
japanese,0
damateurisme,1
ganar,2
largest,0
chevaleresques,1
presupuesto,2
pueblos,2
también,2
grenoble,1
encargada,2
otros,2
reactivar,2
people,0
thickness,0
adopté,1
energy,0
distancia,2
thinned,0
epoxy,0
march,0
serían,2
atribuye,2
place,1
live,0
genre,1
alimentos,2
entreprise,1
artistique,1
masculins,1
locaux,1
shibata,0
managed,0
aldehydes,0
failed,0
catastrophic,0
fundaron,2
brain,0
problème,1
deprecated,0
réforme,1
mind,0
xxi,2
abstract,0
medallistas,2
hand,0
veinte,2
grecia,2
corèbe,1
spinpolarized,0
éducation,1
bastilla,2
parlements,1
connaissances,1
resource,0
wtvy,0
económica,2
examining,0
iberian,0
produces,0
vers,1
concluyen,2
andrew,0
tiers,1
acero,2
pancrace,1
lodeur,1
darbitre,1
incurre,2
produjo,2
abolición,2
photons,0
arguments,0
différentes,1
actuaciones,2
alle,1
statements,0
native,0
colonies,1
tomaron,2
hebbian,0
faisant,1
stem,0
ambroise,1
ori,0
seuls,1
aplicar,2
socavó,2
curso,2
freezing,0
sus,2
esos,2
curazao,2
bills,0
knowledge,0
mots,1
council,0
you,0
couches,1
sportifs,1
organizados,2
konstantinov,0
jettent,1
honor,2
flyvbjerg,2
exacerbada,2
nus,1
fer,1
positivo,2
vit,1
crystal,2
behind,0
lassemblée,1
penny,2
ofrecer,2
billaudvarenne,2
loi,1
actions,0
dargent,1
maarten,2
grabbers,0
attisent,1
diez,2
contó,2
soberanía,2
threat,0
dépit,1
lafayette,2
cadeaux,1
pasaría,2
azul,2
coat,0
stage,1
image,0
olympisme,1
janeiro,2
israelíes,2
diferido,2
violence,1
bound,0
major,0
circuitry,0
liverpoolnota,2
individuellement,1
government,0
feed,0
set,0
démons,1
iii,1
clustering,0
vigente,2
esté,2
librement,1
freezeetch,0
sénior,2
toward,0
ara,1
identidad,2
millimeters,0
gens,1
juan,1
corbeau,1
outreatlantique,1
expriment,1
con,2
aprobados,2
dover,2
fédéralistes,1
concurrente,1
nascent,0
part,1
défense,1
hardened,0
presentes,2
règlement,1
darse,2
considérable,1
bases,2
programa,2
incapable,0
obtained,0
displayed,0
meses,2
déléguée,1
sana,2
como,2
those,0
televidentes,2
clero,2
best,0
comptent,1
corazón,2
todas,2
retroactivamente,2
notoriété,1
término,2
montrer,1
much,2
mantener,2
integrantes,2
via,0
costs,0
victoire,1
chattahoochee,0
pelota,2
aimé,1
amphithéâtre,1
groupowned,0
need,0
détat,1
renard,1
panorama,2
restauró,2
initial,1
coûteux,1
paris,1
cultural,2
shallow,0
coastline,0
cortada,2
alguna,2
antonio,1
manipular,2
ici,1
sectioning,0
amateurs,1
daras,1
superimpose,0
power,0
événement,1
investigating,0
experienced,0
institutions,1
trouver,1
dautre,1
propias,2
puise,1
importante,1
multidisciplinario,2
regalar,2
exposition,0
ses,1
cayera,2
avons,1
radio,2
universelles,1
process,0
logísticamente,2
très,1
morning,0
dhistoire,1
area,0
announced,0
debido,2
ciudades,2
reçoit,1
displaying,0
combate,2
rāma,1
epon,0
festivals,1
superimposed,0
creencia,2
tierras,2
propuesta,2
lolympisme,1
acoger,2
closer,0
autorise,1
ese,2
quatre,1
agents,0
base,0
vos,1
critiques,1
indicó,2
has,0
devices,0
déclaré,1
escépticos,2
mayores,2
jour,1
step,0
what,0
justicia,2
candidatas,2
politicosocial,1
pleinement,1
occasion,1
cambiar,2
way,0
proceder,2
abanderados,2
placée,1
camarógrafa,2
unidades,2
fría,2
scattered,0
lévêque,1
efectos,2
témoin,1
comercializado,2
compétitions,1
lordre,1
londonien,1
última,2
aspire,1
luis,2
nepotismo,2
astylos,1
minsky,0
most,0
strength,0
presión,2
soir,1
lancer,1
apoyo,2
proporcionan,2
segundo,2
europe,1
frèdy,2
citer,1
arise,0
lempire,1
feudales,2
autre,1
clarify,0
emperador,2
dorigine,1
media,0
done,0
essential,2
considérée,1
años,2
sen,1
avoir,1
boltzmann,0
osciló,2
vanaras,1
demetrius,2
prières,1
ces,1
tailored,0
relaté,1
competidores,2
embargo,2
memories,0
elegir,2
city,0
buscó,2
similarly,0
año,2
ajustes,2
hypothesis,0
blair,1
midatlantic,0
dévots,1
circuit,0
interdit,1
station,0
municipalité,1
voie,1
certeza,2
tissues,0
devoted,0
sénat,1
règles,1
cheaper,0
naciendo,2
portugal,0
inició,2
modern,0
micrographs,0
colores,2
origins,0
tradición,2
problemas,2
chez,1
conflictos,2
entraîné,1
bananas,0
désigné,1
range,0
transformé,1
semiprofesional,2
nombre,1
social,0
opositores,2
net,0
donnait,1
dintérêt,1
tropical,0
proclamée,1
anniversaire,1
lecun,0
oficial,2
prensa,2
remplacé,1
publication,0
puso,2
intensification,0
redéfinition,1
mítico,2
natation,1
idéntico,2
escritores,2
peur,2
hanoumân,1
ceremonia,2
primo,2
evaporator,0
aient,1
programmes,1
membrane,0
simultáneo,2
generaron,2
disco,2
machinery,0
boycott,1
protégea,1
pocos,2
journalistes,1
lhumanité,1
opposa,1
deal,0
libertés,1
lexclusion,1
wikipédia,1
heat,0
organizadores,2
unanime,1
neocognitron,0
experience,0
communautés,1
lunisolar,2
criticisms,0
pélope,2
observations,0
probable,1
try,0
fonda,1
dappauvrir,1
finalement,1
réactions,1
lapostrophe,1
conducted,0
reglas,2
luces,2
lorganisation,1
suelo,2
xvi,1
edificio,2
respecter,1
followed,0
superar,2
monárquico,2
palabras,2
dificultades,2
marqués,2
dioses,2
coinciden,2
air,0
combination,0
recevoir,1
américa,2
lallemagne,1
tower,0
luchó,2
mismos,2
wavelength,0
démon,1
presupuestario,2
griego,2
forming,0
centre,1
époque,1
perception,1
achieved,0
leari,1
numerical,0
conseils,1
orígenes,2
acetone,0
reino,2
sinscrire,1
colocada,2
alcanzó,2
bibliographie,1
ukrainian,0
fête,1
refusé,1
últimos,2
strengthening,0
pantalla,2
celebra,2
convictions,1
réclame,1
relation,1
efectiva,2
prisión,2
dassister,1
comparar,2
phrases,1
analytical,0
plane,0
comprobación,2
délégations,1
layer,0
mandó,2
evolucionó,2
dewdney,0
graph,0
distance,0
involved,0
usado,2
faut,1
depression,0
dêtre,1
colonias,2
separación,2
señoriales,2
take,2
preceptos,2
dirigido,2
they,0
estertores,2
fuego,2
heracles,2
immobiles,1
après,1
etched,0
espèce,1
templo,2
cadenas,2
disk,0
varies,0
robert,0
hospital,0
relato,2
hydrated,0
describe,2
nonolympiques,1
their,0
conservateur,1
computer,0
amateurs,2
worked,0
idéaux,1
tomar,2
movimiento,2
sputtering,0
suppression,1
structure,1
promedio,2
remontrance,1
tokio,2
couleurs,1
sportives,1
bookman,0
financiamiento,2
liée,1
silencieux,1
sectores,2
fill,0
millions,0
vijayadashami,2
múnich,2
coated,0
representados,2
maintained,0
gouvernement,1
refleja,2
calificó,2
despojado,2
rhodes,1
poroshenko,0
hacerlo,2
suitable,0
sans,1
les,2
pierre,2
microprocessor,0
réimprime,1
numbers,0
wiln,0
olympic,2
junio,2
john,2
parecen,2
subclass,0
xviiie,1
elastically,0
used,0
electrically,0
lake,0
electricity,0
please,0
access,0
iie,1
superhuman,0
dendrites,0
filosofía,2
número,2
electric,0
doute,1
président,1
estrictos,2
históricos,2
flattened,0
consideran,2
struggle,2
vendre,1
périodes,1
abc,0
support,0
traffic,0
sexprimer,1
stagnated,0
discovery,2
concernées,1
verano,2
seúl,2
glass,0
pública,2
tool,0
characteristics,0
passage,1
require,0
utc,0
pudieran,2
desmantelar,2
déroulés,1
aproximadamente,2
están,2
baroclinic,0
escala,2
izan,2
universidad,2
boicots,2
spectateurs,1
altos,2
ante,2
convivencia,2
systems,0
considera,2
below,0
twelve,0
porto,1
independently,0
cuba,1
éteinte,1
nationaux,1
cuatro,2
comenzaron,2
revoluciones,2
imposibles,2
america,0
cpi,2
formed,0
intermix,0
rechazó,2
celebración,2
dividida,2
rico,1
coordinador,2
preliminary,0
mieux,1
lautre,1
panorama,1
semble,1
color,2
atribuyó,2
supremacía,2
renacimiento,2
críticas,2
clásica,2
realizar,2
autoridad,2
clínicas,2
western,0
scientific,0
wwly,0
ofrendas,2
précipitées,1
fédérations,1
cobrados,2
notation,0
situación,2
without,0
lexercice,1
anns,0
estado,2
incluyó,2
bibliothèque,1
lillehammer,2
structures,1
impuestos,2
revenus,1
atléticas,2
preshadowed,0
radio,0
lens,0
aumento,2
bataille,1
réalise,1
enzymes,0
carreras,2
léglise,1
connaissent,1
pancracio,2
aquellos,2
agregó,2
goldpalladium,0
estimates,0
comunidad,2
thèses,1
thus,0
majeurs,1
joli,1
radar,0
londres,1
paper,0
danza,2
défini,1
near,0
proveer,2
cualquier,2
competitions,0
desservirent,1
tony,1
estallido,2
competition,0
regression,0
racismo,2
started,0
lleva,2
lolympiade,1
useful,0
fideicomiso,2
político,2
pesar,2
mostraba,2
stability,0
politique,1
vives,1
llegar,2
mois,1
throughout,0
toda,2
jabalina,2
complejidad,2
alliance,1
ésta,2
stained,0
michaels,0
portoricain,1
republican,0
comprend,1
artificial,0
victoria,2
annular,0
sea,0
souvent,1
créé,1
second,0
social,1
lune,1
deliberar,2
isolated,0
control,2
neumann,0
signal,0
crystals,0
nobles,2
october,0
possible,0
robotic,0
discursos,2
mis,1
temporal,2
tanto,2
norteamericanas,2
occupied,0
bunch,0
alongside,0
fundamentally,0
jackson,0
alcanzar,2
amsterdam,1
fonctionnaires,1
dont,1
sauvage,1
gastos,2
officiel,1
labsence,1
efficace,1
assemblée,1
amplió,2
achieve,0
compra,2
chambres,1
attack,0
videos,2
usd,0
bandera,2
declara,2
intense,0
tibiotarse,1
furthermore,0
elements,0
too,0
ethane,0
significativo,2
mixture,0
diversos,2
luttes,1
comisiones,2
efecto,2
mujer,2
detectors,0
operations,0
célébration,1
sello,2
descubrió,2
despotisme,1
encendido,2
titres,1
regresiva,2
controversées,1
cercanías,2
principaux,1
periodos,2
trahie,1
example,0
provided,0
change,0
dejando,2
siendo,2
contrairement,1
depuis,1
organismo,2
den,1
recuperaron,2
compel,0
salto,2
troupes,1
sebastian,1
ayuntamiento,2
closed,0
vigueur,1
disposable,0
grecque,1
fut,1
servicios,2
lensemble,1
dépaule,1
británicas,2
generó,2
agravó,2
relación,2
semitransparent,0
bien,1
acordarle,2
under,0
samoa,2
controla,2
monitoring,0
trampolín,2
dimitrios,2
motivada,2
ceremonias,2
specie,0
clearly,0
afterwards,0
conséquent,1
homes,0
caimán,2
volvió,2
avaient,1
indeed,0
asaltaron,2
aceptada,2
carrying,0
xie,1
órgano,2
autonomous,0
aunque,2
représentant,1
bay,0
décisionnaire,1
between,0
radicaux,1
editor,0
mélancomas,1
voulait,1
vaut,1
comúnmente,2
reproducen,2
tragic,0
elección,2
broadcast,0
chacun,1
qualifié,1
semblez,1
preserves,0
web,1
drying,0
fine,0
atrajeron,2
telle,1
década,2
desplazados,2
gagnèrent,1
espejo,2
foi,1
blind,0
fiscale,1
jouer,1
remettre,1
hacer,2
sétant,1
priver,1
sem,0
sede,2
conflits,1
comprennent,1
particulier,1
every,0
following,0
suiza,2
coubertin,1
versailles,1
made,0
participan,2
espritpaul,1
studiotransmitter,0
carolinas,0
celebrar,2
loriente,1
forms,0
détaillés,1
faire,1
jai,1
invernales,2
centrale,1
moment,1
ingresa,2
resumida,2
shamateurisme,1
alors,1
impôts,1
wkgc,0
rapidly,0
excluidos,2
causa,2
disminuyó,2
sexismo,2
event,0
roi,1
consisted,0
décimo,2
tricheries,1
president,0
take,0
luz,2
militares,2
succès,1
charte,1
community,0
los,2
patrocinadores,2
mechanisms,0
accumulation,0
létoffe,1
latter,0
según,2
vende,2
leyenda,2
contratos,2
grec,1
sassurer,1
seguían,2
realizarse,2
lancien,1
lorsquil,1
futuras,2
indigene,0
problèmes,1
much,0
xix,2
separarse,2
end,0
suspensions,0
públicos,2
cold,0
successive,1
email,0
test,0
amenazó,2
idiomas,2
remises,1
restes,1
javelot,1
desfavorecidos,2
casi,2
pica,2
vincular,2
wdiz,0
evangelos,2
transmitter,0
such,0
encontraron,2
encabezado,2
rodeada,2
consume,0
terres,1
less,0
sommaire,1
composition,0
resultaba,2
early,0
rumeurs,1
model,0
solvent,0
interstate,0
réunions,1
cell,0
carrera,2
venta,2
lhistoriographie,1
institución,2
profite,1
incrementó,2
contenido,2
lab,0
estas,2
tecnológicos,2
advocate,0
comité,2
extant,0
électeurs,1
previsto,2
septembre,1
accepted,0
contiguous,0
geological,0
demostración,2
corporativos,2
concepto,2
type,1
define,2
barón,2
critique,1
ethanol,0
simulate,0
ordenó,2
asociación,2
sobrepasan,2
religiosas,2
agitar,2
lamateurisme,1
boxe,1
blair,2
extratropical,0
fertilidad,2
connexes,1
terrorismo,2
transmitir,2
râmâyana,1
buying,1
rudesse,1
marianna,0
universalistes,1
electronopaque,0
desigualdad,2
prestigio,2
owned,0
epoxypropane,0
evitar,2
information,0
fast,0
había,2
realizado,2
femenina,2
voleibol,2
there,0
religieux,1
schools,0
religión,2
disputés,1
jim,2
processes,0
cotswold,2
commentaires,1
consentement,1
enjeux,1
continued,0
gases,0
respecté,1
totalmente,2
locales,2
estadounidenses,2
have,2
ilustrados,2
powers,0
drastic,0
coi,2
financieramente,2
favorisant,1
firing,0
formaldehyde,0
petro,0
late,0
hyped,0
champions,1
donner,1
souveraineté,1
balck,2
magnetic,0
storrs,1
encore,1
escribir,2
proceso,2
salir,2
lstm,0
menor,2
quitter,1
effrayés,1
highresolution,0
américain,1
grids,0
revolución,2
définies,1
tercer,2
alternative,0
anulado,2
médaillés,1
neuron,0
subversion,1
sterling,1
plan,2
triunfo,2
occupation,0
integrity,0
île,1
jugar,2
généraux,1
han,2
participantes,2
snapshot,0
sino,2
algorithm,0
processed,0
bloc,0
independiente,2
admitir,2
hit,0
himnos,2
deuda,2
estaba,2
contingente,2
belle,1
entière,1
varios,2
napoléon,1
lipid,0
evidence,0
apoyada,2
comité,1
natación,2
lhistoire,1
caballeros,2
peuple,1
challenge,0
aharnisha,2
regain,1
défile,1
observation,0
mundial,2
está,2
juramento,2
marche,1
youtube,2
jürgen,0
entradas,2
sobornos,2
lema,2
referencia,2
lois,1
avant,1
color,0
digestion,0
finalizará,2
habit,0
prosecutor,0
hicieron,2
nouvellezélande,1
définitif,1
manifestaciones,2
dune,1
doyen,1
callot,2
concluido,2
necesidades,2
volverlo,2
retardataire,1
legislación,2
exclusiveor,0
fundamental,2
fundamentales,2
gracias,2
american,0
activities,0
now,0
potente,2
dopaje,2
cierto,2
idéologiquement,1
important,1
olimpíadas,2
lespèce,1
millones,2
ganado,2
ingresan,2
celebradas,2
activity,0
reflected,0
treinta,2
être,1
histoire,1
bas,1
allow,0
exceedingly,0
newlyformed,0
also,0
spite,0
larrivée,1
généré,1
tué,1
considerable,0
strong,0
duplicara,2
prochains,1
proporcionar,2
mon,1
singes,1
directa,2
ruled,0
realizaban,2
zeus,1
habituellement,1
difficult,0
plupart,1
spam,0
intentos,2
minutes,0
approchées,1
législative,1
excluant,1
protègent,1
distributed,0
saut,1
aristócrata,2
affirma,1
watermiscible,0
chipping,2
partie,1
issues,0
sentimiento,2
spécifiquement,1
fil,1
événements,1
populaire,1
removed,0
minimum,0
recurrent,0
xxe,1
intensity,0
carta,2
lorigine,1
indebidamente,2
figures,1
ecuestres,2
débattre,1
medida,2
artista,2
effectively,0
final,2
nobiliaire,1
obsoleta,2
shuffling,0
vendidos,2
core,0
devenu,1
diseño,2
obtener,2
samaranch,2
ventaja,2
buscado,2
dreuxbrézé,1
paysans,1
amarillo,2
clavados,2
guam,2
llevar,2
acrylic,0
deportivo,2
beneficiar,2
combinada,2
rhétorique,1
neural,0
perroquets,1
explicit,0
oceanía,2
organisation,1
cloud,0
previstos,2
mahârâja,1
alfabéticamente,2
debía,2
corporaciones,2
débats,1
partiellement,1
bénéficier,1
pero,2
parqués,1
habitados,2
dutchcontrolled,0
objects,0
possible,1
états,1
helicopter,0
hurricane,0
participer,1
païen,1
ailleurs,1
sambaqui,1
eastnortheastward,0
introducción,2
variedad,2
have,0
refuge,1
wikimedia,2
networks,0
autels,1
infer,0
décide,1
fashion,0
trêve,1
off,0
lencontre,1
remained,0
randomly,0
impulsó,2
hogar,2
rastering,0
corporativo,2
mientras,2
artículo,2
par,0
mexico,0
rénovés,1
drásticamente,2
criminal,0
tipos,2
xvii,2
historiador,2
ninguno,2
dieran,2
crimean,0
processors,0
primero,2
lolympiade,2
flamme,1
capital,2
considered,0
multidimensional,0
précurseur,1
prácticas,2
participar,2
placed,0
drifted,0
caribéennes,1
longue,1
francia,2
molecules,0
ouvre,1
mort,1
hausse,1
retornando,2
royale,1
famille,1
assigning,0
plata,2
turings,0
makes,0
seguros,2
diffraction,0
monstre,1
embrasées,1
outil,1
cherchent,1
parisinos,2
athlétiques,1
grouping,0
label,0
franquista,2
tournure,1
jura,1
hermano,2
celebrado,2
lópez,1
contenir,1
punis,1
thawed,0
producir,2
emular,2
disputados,2
olimpia,2
activos,2
dassurer,1
edición,2
representan,2
aesthetic,0
empleó,2
fuente,2
mostly,0
défendre,1
politólogos,2
peaking,0
vision,1
grande,1
retrouvés,1
benchmarks,0
mantenimiento,2
phénix,1
candidature,1
membres,1
durga,2
été,1
apporte,1
signs,0
empereurs,1
division,1
invocar,2
lextinction,1
liens,1
marque,1
inconnue,1
respectivamente,2
candidatos,2
branching,0
éxito,2
anillos,2
among,0
régénérée,1
romanos,2
autogolpe,2
horizontes,2
beach,0
corona,2
center,0
wenlock,1
explorar,2
fondant,1
subsequently,0
evaporated,0
doce,2
coe,2
crosslinking,0
contexte,1
seule,1
cumpliendo,2
científicos,2
ciudadesestado,2
infiltration,0
nous,1
alojado,2
recta,2
circulent,1
opaque,0
demonstrating,0
ensue,0
marc,1
létat,1
puesto,2
fairplay,1
montra,1
colorized,0
backup,0
difíciles,2
could,0
oficialmente,2
empresas,2
currency,0
seems,0
strengthened,0
ils,1
input,0
kulu,1
dans,1
conséquences,1
action,0
frame,0
fundar,2
promouvoir,1
actuando,2
terca,2
ciudad,2
congreso,2
convaincu,1
apartheid,2
components,0
homólogo,2
mayoría,2
décisions,1
théâtre,1
expresión,2
incluye,2
parís,2
delegación,2
dice,2
controlled,0
nagano,2
federal,0
métiers,1
rows,0
topography,0
drapeau,1
cantidad,2
long,1
reciben,2
enfants,1
roof,0
campden,2
contaban,2
deep,0
began,0
país,2
agrupados,2
multiple,0
droits,1
achetés,1
tarde,2
execution,0
facility,0
cada,2
cósmicas,2
gymnastique,1
rituels,1
learn,0
adversaire,1
roughly,0
tirés,1
lanka,2
acerca,2
hacerse,2
masacre,2
bains,0
testing,0
rule,0
landfall,0
article,1
ion,0
approximately,0
procédure,1
londres,2
filtering,0
cité,1
conflicto,2
training,0
artifacts,0
ministres,1
velocidad,2
izada,2
organizaciones,2
altura,2
museo,2
pattern,0
soldados,2
convection,0
comprado,2
économe,1
kemény,2
act,0
darrestations,1
marcado,2
représentations,1
administration,0
analyse,0
intervalo,2
sin,2
comprometieron,2
organizó,2
anuncios,2
segmento,2
poco,2
sobornar,2
plausible,0
dothan,0
lograr,2
modified,0
pequeño,2
terme,1
construisit,1
coupled,0
filántropo,2
vía,2
twolayer,0
darkfield,0
guerra,2
que,2
grandes,2
légué,1
hypochlorite,0
otras,2
interconnected,0
seguida,2
tient,1
remplissons,1
sol,2
reconstruction,0
représentée,1
nanoparticles,0
medical,0
carácter,2
conductive,0
puerto,2
connected,0
determined,0
retained,0
combats,1
période,1
isthmiques,1
similaire,1
nacionalidad,2
creating,0
uer,2
metrópolis,2
remettent,1
teatro,2
convirtieron,2
category,0
collège,1
pris,1
focusing,0
definía,2
verde,2
position,0
weakened,0
élus,1
original,0
specialized,0
lempereur,1
southern,0
rumelhart,0
réunissent,1
been,0
environmental,0
attendent,1
propio,2
sécheresse,1
much,1
áreas,2
uranyl,0
series,0
poussiéreuses,1
mythe,1
threedimensional,0
ultérieurement,1
dehydration,0
masse,1
notamment,1
particularmente,2
socalled,0
aquella,2
neuronswhich,0
excepciones,2
suit,0
standard,0
seriously,0
racisme,1
asesinados,2
collegeowned,0
reunión,2
económicos,2
denominado,2
protestar,2
editor,2
contexto,2
cuál,2
replacement,0
neutrales,2
debió,2
ístmicos,2
alcoholic,0
mayo,2
yokohama,0
partisans,1
stoke,2
application,0
montréal,1
persistente,2
solo,2
sélection,1
realizada,2
renamed,0
formes,1
organisatrices,1
liga,2
pensent,1
verificar,2
how,0
propres,1
practicaban,2
réflexion,1
aportó,2
féodalité,1
marquèrent,1
espérée,1
madre,2
que,1
reunió,2
gameplaying,0
soupçons,1
déclaration,1
completely,0
contestation,1
parisienne,1
símbolos,2
chemicals,0
testigo,2
podían,2
escuelas,2
nuevas,2
bengio,0
span,0
processing,0
dévaluation,1
aims,0
detected,0
cpu,0
fils,1
gillis,2
india,2
learned,0
detrás,2
autoproclamación,2
reguladores,2
oro,2
pudientes,2
site,1
colleagues,0
cabo,2
creciente,2
handediting,0
conceptos,2
séquestra,1
time,0
dixième,1
sewer,0
pisang,0
personne,1
leurope,1
scanning,0
negociación,2
shadowing,0
unánimemente,2
problemsolving,0
signals,0
due,0
matched,0
ejemplo,2
hubo,2
global,1
punie,1
ediciones,2
architecture,0
détaillé,1
causó,2
contrôle,1
elongating,0
mundocita,2
douteuse,1
tenía,2
rassemblent,1
extremely,0
decretó,2
phares,1
ultrafine,0
lhiver,1
according,0
imagen,2
artísticas,2
chemically,0
william,2
cultos,2
señalados,2
couronne,1
conducting,0
unlike,0
ampliar,2
templos,2
associated,0
presentar,2
tnia,1
participación,2
depara,2
fiscal,2
cet,1
implicitly,0
acontecimientos,2
antisemitismo,2
daristocrates,1
reported,0
contingentes,2
vision,0
ingresos,2
previos,2
quon,1
invocada,2
electrical,0
elle,1
sds,0
rhelscitation,0
indies,0
concrètes,1
gadsden,0
optimization,0
analogous,0
izó,2
inoperable,0
ministériel,1
importance,1
conde,2
anual,2
típicamente,2
objet,1
constituante,1
rather,0
pression,1
pagó,2
rugby,2
trataría,2
léquilibre,1
sports,1
selon,1
normas,2
alléché,1
profiter,1
stewart,2
statistical,0
modernité,1
proximity,0
having,0
oxide,0
central,0
immédiates,1
wknk,0
carencia,2
afterward,0
otro,2
the,0
una,2
temporales,2
wrote,0
hubel,0
day,0
lépreuve,1
indicated,0
recientes,2
coast,0
bonaparte,1
including,0
divisions,1
velléitaire,1
las,2
patrocinio,2
suffering,0
nont,1
palais,1
exploration,0
typically,0
conquered,2
see,0
planteaba,2
instead,0
immense,1
always,0
peak,0
graves,1
careful,0
del,2
hungría,2
david,0
estadounidense,2
synaptic,0
sera,1
appeared,0
clausura,2
type,0
dominante,2
historically,0
suelto,2
públicas,2
looking,0
gouverner,1
évidents,1
planer,1
viruses,0
tôt,1
supervisores,2
cook,2
decapitados,2
timides,1
crude,0
personnes,1
votación,2
douze,1
dominio,2
make,0
verse,2
holder,0
biological,0
solve,0
francés,2
alabama,0
documental,2
cooper,1
cependant,1
mal,2
software,0
thing,2
festivales,2
siéger,1
pédestre,1
inhibited,0
narrête,1
force,1
illuminée,1
femeninas,2
acetate,0
organizador,2
left,0
takes,0
motivo,2
warren,0
iglesia,2
consacrer,1
provocado,2
pasatiempo,2
estimaciones,2
abouti,1
mai,1
pair,0
luchado,2
effets,1
majorité,1
william,0
originellement,1
sociaux,1
reste,1
potencial,2
optionally,0
anciens,1
puro,2
sobrecoste,2
quils,1
atención,2
institutionnelle,1
computing,0
vitalicios,2
cdt,0
trampa,2
régit,1
roadway,0
athènes,1
jóvenes,2
cuenten,2
constitutionnelles,1
así,2
génèrent,1
année,1
señala,2
incident,0
grave,2
todos,2
desfile,2
améliorant,1
bacteria,0
implementando,2
together,0
suitably,0
extreme,0
misterio,2
though,0
implement,0
importantly,0
highly,0
amounts,0
índice,2
anodorhynchus,1
dasha,2
retiro,2
negative,0
quun,1
xray,0
reconocido,2
servir,2
businesses,0
vivant,1
section,0
continuación,2
argon,0
producción,2
stage,0
tres,2
sitio,2
mondiale,1
donnant,1
numerous,0
resins,0
inclut,1
initialement,1
cultivant,1
arbitres,1
délis,1
islas,2
parti,1
jugado,2
micrograph,0
resolution,0
comporte,1
nuevos,2
montreal,2
dominent,1
led,0
microscopy,0
luego,2
monde,1
pasear,2
trouve,1
chicago,0
principles,0
rate,0
sample,0
général,1
exhibiciones,2
lunar,2
indonesian,0
relacionados,2
violencia,2
nationale,1
cérémonies,1
attained,0
belize,0
gouvernant,1
guthjarkovsky,2
chemical,0
canto,2
troubles,1
rainfall,0
historia,2
lathlète,1
based,0
bonjour,1
hermanos,2
animal,2
credit,0
xiv,1
máximo,2
games,2
methods,0
depth,0
deposited,0
provinciaux,1
mostrar,2
ijcnn,0
nonlocal,0
days,0
prendrait,1
due,1
entrar,2
thorpe,2
highend,0
were,0
peninsula,0
viktor,2
frentes,2
bourgs,1
último,2
deportiva,2
surrendered,0
prometiendo,2
passent,1
frumentaire,1
june,0
rem,0
sacrificios,2
east,0
durante,2
depending,0
djepang,0
pousser,1
aristocracia,2
contrerévolution,1
intratable,2
stable,1
with,0
tomography,0
visionnaire,1
critical,0
lot,1
rousseauistes,1
esfuerzos,2
resulted,0
staff,0
lowenergy,0
único,2
yeux,1
mentir,1
historiens,1
historian,0
permitió,2
différer,1
miembros,2
controlar,2
influir,2
over,0
unión,2
issus,1
humana,2
promoción,2
tipo,2
coubertin,2
rescued,0
colonial,0
gold,0
populaires,1
crotone,1
fecha,2
actitudes,2
sobrecosto,2
linspiration,1
développe,1
efficiency,0
périodisation,1
scandinaves,1
autoproclamaron,2
marco,2
concert,0
ilustración,2
influencia,2
pomerleau,0
nouvelles,1
dos,1
imperio,2
psychologist,0
colonialiste,1
lavenir,1
bertrand,1
kdd,0
turing,0
gregoriano,2
molybdate,0
dejado,2
circulation,0
destinada,2
carros,2
exercices,1
scène,1
píndaro,2
stems,0
édition,1
concerne,1
cuotas,2
financement,1
feedforward,0
cinq,1
psittacidae,1
quhéraclès,1
because,0
incluidos,2
faveur,1
baloncesto,2
mal,1
flujo,2
convaincre,1
culture,1
relations,1
papel,2
révolutionnaires,1
allison,2
façon,1
investigación,2
ley,2
reveal,0
higher,0
perché,1
tungsten,0
west,0
dailleurs,1
partir,2
thin,0
résistance,1
almost,0
cosecha,2
restauración,2
conséquence,1
structures,0
envía,2
implemented,0
hara,2
regarding,0
demandan,2
haciendo,2
wyoo,0
quien,2
presque,1
persiste,2
patrocinó,2
nations,1
permite,2
sergey,0
transitioning,0
tend,0
control,0
miembro,2
robot,0
hulley,2
bienes,2
conductively,0
hinton,0
pratiques,1
significant,0
forment,1
extendiendo,2
nicolas,1
lowpressure,0
llovieron,2
entran,2
mantiene,2
solved,0
tuviera,2
noches,2
comme,1
past,0
sponsoring,1
nets,0
celebrada,2
rouge,1
grainsnote,1
constituyen,2
right,0
become,0
distinct,0
fue,2
pied,1
visual,0
continentale,1
quentretenait,1
joie,1
printemps,1
financial,0
wrba,0
inversiones,2
poeta,2
generalizado,2
paysannes,1
tracked,0
público,2
filantrópicas,2
amplia,2
adición,2
mettant,1
competían,2
rāvana,1
fin,1
entretener,2
intelligence,0
découpent,1
heaven,0
salas,2
athlètes,1
knowledgebased,0
équipes,1
shortly,0
changes,0
vehicle,0
architectures,0
assigned,0
aim,0
order,0
building,0
nêtre,1
futuros,2
seguidores,2
cryoelectron,0
non,1
despreciable,2
gagne,1
oportunidad,2
branche,1
rats,0
machine,0
ainsi,1
transportées,1
elis,2
cycle,1
dépens,1
representations,0
humaine,1
comenzó,2
lavance,1
favorable,1
desempeñado,2
generalize,0
doiseaux,1
mantuvieron,2
eligió,2
rejette,1
agraria,2
part,0
corrieron,2
légendes,1
resultados,2
torn,0
volonté,1
agosto,2
montesquieu,2
wiregrass,0
muchos,2
terrateniente,2
roofs,0
equipped,0
castillos,2
evolved,0
étatsunis,1
biophysical,0
often,0
estratégico,2
stain,0
proclamación,2
logic,0
femmes,1
compensation,0
sont,1
respaldar,2
prise,1
financió,2
simultaneously,0
milliat,1
dolivier,1
fourthstrongest,0
writes,0
séance,1
predecesor,2
beneficien,2
estatuto,2
roepiah,0
excelencia,2
palace,2
appel,1
directoire,1
course,1
documentaire,1
robots,0
asentaban,2
classiquement,1
grayscale,0
crosssection,0
taiwan,0
linitiative,1
credenciales,2
programs,0
lenses,0
concordato,2
mirrorlike,0
pudiera,2
edad,2
definitivo,2
resulting,0
reconciliación,2
focused,0
insurrections,1
cañones,2
shape,0
tony,2
assistent,1
figura,2
sen,0
jeux,1
surf,2
ambos,2
religieuses,1
wecpld,0
sister,0
cut,0
within,0
per,0
phelps,1
louis,1
website,0
historiográfica,2
exclusión,2
level,0
fuerte,2
bad,0
stillfloating,0
problem,0
choice,0
enfoque,2
reunir,2
all,0
contenía,2
usfsa,1
fresh,0
línea,2
automnale,1
primary,0
vivo,2
operate,0
policy,0
servido,2
décrite,1
yachting,1
grandes,1
representar,2
swept,0
marquée,1
tener,2
discurso,2
constituyente,2
loccasion,1
devait,1
région,1
communications,2
brookes,2
superpotencias,2
rapid,0
localidad,2
ningún,2
fuerza,2
sequential,0
symbolic,0
variable,1
entourent,1
festeja,2
nimagine,1
jeunesse,1
coronó,2
compiten,2
tenido,2
conocidos,2
realidad,2
clases,2
plazo,2
scale,0
problema,2
state,0
gagnés,1
nueva,2
exchanged,0
laquelle,1
significó,2
chess,0
successifs,1
precios,2
researchers,0
libertad,2
trajectory,0
quand,1
sir,2
héritages,1
kmh,0
robert,2
popular,2
dordres,1
vencidos,2
tablevalueless,0
respectivas,2
después,2
identified,0
only,0
citoyens,1
local,0
indistinguible,2
documentado,2
applied,0
well,0
doctrine,1
ravan,2
topped,0
modeste,1
wfsy,0
portail,1
mencionado,2
alojamiento,2
divino,2
fukushima,0
représentants,1
operar,2
indonesia,0
ont,1
mes,2
teodosio,2
jakarta,0
national,1
inclusión,2
ultrastructure,0
aujourdhui,1
ideo,2
poseyendo,2
afin,1
propios,2
asistieron,2
réseaux,1
ultrathin,0
également,1
lucrativos,2
entregan,2
phénomène,1
biographiques,1
fois,1
potenciar,2
dado,2
británico,2
alan,0
externos,2
buscar,2
manifeste,1
perpétuée,1
insurance,0
alcalde,2
camille,0
biodiversité,1
discovery,0
thirdmost,0
originating,0
sloane,2
lane,0
sciences,1
grande,2
catégories,1
cuff,2
ressource,1
acuerdos,2
vast,0
inglésnota,2
aceptado,2
crisis,2
concerned,0
visualization,0
upperlevel,0
lake,2
sopposent,1
portion,0
dexemple,1
réaction,1
dieu,1
llegaron,2
palacios,2
cuando,2
tint,1
modernos,2
deportista,2
générale,1
déviter,1
avery,1
estructura,2
representación,2
représente,1
sion,1
annexes,1
retirer,1
esquí,2
principe,1
vikelas,2
pacific,0
tercios,2
panathinaiko,2
scandale,1
établir,1
démissionnent,1
provoquent,1
fell,0
présenter,1
schmidhuber,0
